{"cameraMode":{"drawMode":0,"name":"Shaded","section":"Shading Mode"},"sceneLighting":false,"audioPlay":false,"sceneViewState":{"showFog":false,"showMaterialUpdate":false,"showSkybox":false,"showFlares":false,"showImageEffects":false,"showParticleSystems":false,"showVisualEffectGraphs":true,"m_FxEnabled":true},"in2DMode":false,"pivot":{"x":0.4602579176425934,"y":1.3430955410003663,"z":-1.2642216682434083},"rotation":{"x":0.0018996906001120806,"y":0.9980717897415161,"z":-0.03924407437443733,"w":0.048242125660181048},"size":3.076166868209839,"orthographic":false}