{"cameraMode":{"drawMode":0,"name":"Shaded","section":"Shading Mode"},"sceneLighting":false,"audioPlay":false,"sceneViewState":{"showFog":false,"showMaterialUpdate":false,"showSkybox":false,"showFlares":false,"showImageEffects":false,"showParticleSystems":false,"showVisualEffectGraphs":true,"m_FxEnabled":true},"in2DMode":false,"pivot":{"x":2.384185791015625e-7,"y":0.8423852920532227,"z":0.02730274200439453},"rotation":{"x":0.04014180228114128,"y":0.9548216462135315,"z":-0.15193365514278413,"w":0.25226354598999026},"size":1.1238329410552979,"orthographic":false}