{"cameraMode":{"drawMode":0,"name":"Shaded","section":"Shading Mode"},"sceneLighting":false,"audioPlay":false,"sceneViewState":{"showFog":false,"showMaterialUpdate":false,"showSkybox":false,"showFlares":false,"showImageEffects":false,"showParticleSystems":false,"showVisualEffectGraphs":true,"m_FxEnabled":true},"in2DMode":false,"pivot":{"x":-0.24707792699337007,"y":1.4697983264923096,"z":1.363203763961792},"rotation":{"x":0.0003688528959173709,"y":0.9970487952232361,"z":-0.07672404497861862,"w":0.004784320015460253},"size":0.8238334059715271,"orthographic":false}