{"cameraMode":{"drawMode":0,"name":"Shaded","section":"Shading Mode"},"sceneLighting":false,"audioPlay":false,"sceneViewState":{"showFog":true,"showMaterialUpdate":true,"showSkybox":false,"showFlares":false,"showImageEffects":true,"showParticleSystems":true,"showVisualEffectGraphs":true,"m_FxEnabled":true},"in2DMode":false,"pivot":{"x":0.0019083842635154725,"y":-0.07527949661016464,"z":-0.8028402328491211},"rotation":{"x":-0.03444194048643112,"y":0.05453305318951607,"z":-0.0018845057347789407,"w":-0.9979268312454224},"size":0.16783811151981355,"orthographic":false}